"Kind","Agent_Id","Queue_Id","Stream_Id","Thread_Id","Dispatch_Id","Kernel_Id","Kernel_Name","Correlation_Id","Start_Timestamp","End_Timestamp","LDS_Block_Size","Scratch_Size","VGPR_Count","Accum_VGPR_Count","SGPR_Count","Workgroup_Size_X","Workgroup_Size_Y","Workgroup_Size_Z","Grid_Size_X","Grid_Size_Y","Grid_Size_Z"
"KERNEL_DISPATCH","Agent 1",1,0,9379,1,1,"init_kernel()",1,11007919103652,11007919108183,0,0,4,4,16,1,1,1,1,1,1
"KERNEL_DISPATCH","Agent 1",1,0,9379,2,11,"__amd_rocclr_fillBufferAligned",2,11007919126979,11007919128984,0,0,12,4,48,256,1,1,256,1,1
"KERNEL_DISPATCH","Agent 1",1,0,9379,5,7,"__amd_rocclr_copyBuffer",5,11007919155365,11007919158813,0,0,16,0,32,512,1,1,512,1,1
"KERNEL_DISPATCH","Agent 1",1,0,9379,4,7,"__amd_rocclr_copyBuffer",4,11007919150353,11007919155365,0,0,16,0,32,512,1,1,512,1,1
"KERNEL_DISPATCH","Agent 1",1,0,9379,3,11,"__amd_rocclr_fillBufferAligned",3,11007919132593,11007919133314,0,0,12,4,48,256,1,1,256,1,1
"KERNEL_DISPATCH","Agent 1",1,0,9379,6,7,"__amd_rocclr_copyBuffer",6,11007933967147,11007933971918,0,0,16,0,32,512,1,1,512,1,1
"KERNEL_DISPATCH","Agent 1",1,0,9379,7,7,"__amd_rocclr_copyBuffer",7,11007933995732,11007934000303,0,0,16,0,32,512,1,1,512,1,1
"KERNEL_DISPATCH","Agent 1",1,0,9379,8,19,"navatala_sparse_axpy_f32",8,11007934655591,11007934659721,0,0,4,4,32,256,1,1,65536,1,1
"KERNEL_DISPATCH","Agent 1",1,0,9379,9,19,"navatala_sparse_axpy_f32",9,11007934658979,11007934664551,0,0,4,4,32,256,1,1,65536,1,1
"KERNEL_DISPATCH","Agent 1",1,0,9379,10,19,"navatala_sparse_axpy_f32",10,11007934697250,11007934699254,0,0,4,4,32,256,1,1,65536,1,1
"KERNEL_DISPATCH","Agent 1",1,0,9379,11,19,"navatala_sparse_axpy_f32",11,11007934702707,11007934704310,0,0,4,4,32,256,1,1,65536,1,1
"KERNEL_DISPATCH","Agent 1",1,0,9379,12,19,"navatala_sparse_axpy_f32",12,11007934706580,11007934708224,0,0,4,4,32,256,1,1,65536,1,1
"KERNEL_DISPATCH","Agent 1",1,0,9379,13,19,"navatala_sparse_axpy_f32",13,11007934714830,11007934716834,0,0,4,4,32,256,1,1,65536,1,1
"KERNEL_DISPATCH","Agent 1",1,0,9379,14,19,"navatala_sparse_axpy_f32",14,11007934720499,11007934722463,0,0,4,4,32,256,1,1,65536,1,1
"KERNEL_DISPATCH","Agent 1",1,0,9379,15,93,"void rocblas_saxpy_2_kernel<256, float, float, float const*, float*>(int, float, long, float const*, long, long, float*, long, long, int)",15,11007946573191,11007946576799,0,0,12,4,32,256,1,1,32768,1,1
"KERNEL_DISPATCH","Agent 1",1,0,9379,16,93,"void rocblas_saxpy_2_kernel<256, float, float, float const*, float*>(int, float, long, float const*, long, long, float*, long, long, int)",16,11007946579946,11007946581590,0,0,12,4,32,256,1,1,32768,1,1
"KERNEL_DISPATCH","Agent 1",1,0,9379,17,93,"void rocblas_saxpy_2_kernel<256, float, float, float const*, float*>(int, float, long, float const*, long, long, float*, long, long, int)",17,11007946606819,11007946608703,0,0,12,4,32,256,1,1,32768,1,1
"KERNEL_DISPATCH","Agent 1",1,0,9379,18,93,"void rocblas_saxpy_2_kernel<256, float, float, float const*, float*>(int, float, long, float const*, long, long, float*, long, long, int)",18,11007946611859,11007946613663,0,0,12,4,32,256,1,1,32768,1,1
"KERNEL_DISPATCH","Agent 1",1,0,9379,19,93,"void rocblas_saxpy_2_kernel<256, float, float, float const*, float*>(int, float, long, float const*, long, long, float*, long, long, int)",19,11007946619426,11007946621310,0,0,12,4,32,256,1,1,32768,1,1
"KERNEL_DISPATCH","Agent 1",1,0,9379,20,93,"void rocblas_saxpy_2_kernel<256, float, float, float const*, float*>(int, float, long, float const*, long, long, float*, long, long, int)",20,11007946627771,11007946629736,0,0,12,4,32,256,1,1,32768,1,1
"KERNEL_DISPATCH","Agent 1",1,0,9379,21,93,"void rocblas_saxpy_2_kernel<256, float, float, float const*, float*>(int, float, long, float const*, long, long, float*, long, long, int)",21,11007946632244,11007946634489,0,0,12,4,32,256,1,1,32768,1,1
"KERNEL_DISPATCH","Agent 1",1,0,9379,22,7,"__amd_rocclr_copyBuffer",22,11007961340019,11007961345352,0,0,16,0,32,512,1,1,512,1,1
"KERNEL_DISPATCH","Agent 1",1,0,9379,23,7,"__amd_rocclr_copyBuffer",23,11007961366062,11007961370953,0,0,16,0,32,512,1,1,512,1,1
"KERNEL_DISPATCH","Agent 1",1,0,9379,24,7,"__amd_rocclr_copyBuffer",24,11007961379444,11007961382972,0,0,16,0,32,512,1,1,512,1,1
"KERNEL_DISPATCH","Agent 1",1,0,9379,25,7,"__amd_rocclr_copyBuffer",25,11007961397457,11007961401226,0,0,16,0,32,512,1,1,512,1,1
"KERNEL_DISPATCH","Agent 1",1,0,9379,26,7,"__amd_rocclr_copyBuffer",26,11007961415118,11007961418887,0,0,16,0,32,512,1,1,512,1,1
"KERNEL_DISPATCH","Agent 1",1,0,9379,27,13,"navatala_transformer_tiled_gemm_f32",27,11007961439179,11007961447839,2048,0,36,4,32,16,16,1,128,128,1
"KERNEL_DISPATCH","Agent 1",1,0,9379,28,13,"navatala_transformer_tiled_gemm_f32",28,11007961447863,11007961453075,2048,0,36,4,32,16,16,1,128,128,1
"KERNEL_DISPATCH","Agent 1",1,0,9379,29,13,"navatala_transformer_tiled_gemm_f32",29,11007961473381,11007961479556,2048,0,36,4,32,16,16,1,128,128,1
"KERNEL_DISPATCH","Agent 1",1,0,9379,30,13,"navatala_transformer_tiled_gemm_f32",30,11007961479678,11007961485130,2048,0,36,4,32,16,16,1,128,128,1
"KERNEL_DISPATCH","Agent 1",1,0,9379,31,13,"navatala_transformer_tiled_gemm_f32",31,11007961484977,11007961490429,2048,0,36,4,32,16,16,1,128,128,1
"KERNEL_DISPATCH","Agent 1",1,0,9379,32,13,"navatala_transformer_tiled_gemm_f32",32,11007961490170,11007961495462,2048,0,36,4,32,16,16,1,128,128,1
"KERNEL_DISPATCH","Agent 1",1,0,9379,33,13,"navatala_transformer_tiled_gemm_f32",33,11007961495528,11007961500620,2048,0,36,4,32,16,16,1,128,128,1
"KERNEL_DISPATCH","Agent 1",1,0,9379,34,557,"Cijk_Ailk_Bljk_SB_MT128x64x16_MI32x32x2x1_SN_1LDSB1_APM1_ABV0_ACED0_AF0EM2_AF1EM2_AMAS0_ASE_ASGT_ASLT_ASM_ASAE01_ASCE01_ASEM2_AAC0_BL1_BS1_CLR0_DTLA0_DTLB0_DTVA0_DTVB0_DVO0_ETSP_EPS1_ELFLR0_EMLL0_FSSC10_FL0_GLVWA1_GLVWB1_GRCGA1_GRCGB1_GRPM1_GRVW1_GSU1_GSUASB_GLS0_ISA942_IU1_K1_KLA_LBSPPA0_LBSPPB128_LPA0_LPB2_LDL1_LRVW2_LWPMn1_LDW0_FMA_MIAV1_MDA2_MO40_MMFSC_MKFGSU256_NTA0_NTB0_NTC3_NTD3_NEPBS0_NLCA1_NLCB1_ONLL1_OPLV0_PK0_PAP0_PGR2_PLR9_PKA0_SIA3_SLW1_SS1_SU0_SUM0_SUS0_SCIUI1_SPO1_SRVW0_SSO6_SVW1_SNLL0_TSGRA0_TSGRB0_TT2_32_TLDS1_UMLDSA0_UMLDSB1_U64SL1_USFGROn1_VAW1_VSn1_VW1_VWB1_VFLRP0_WSGRA0_WSGRB0_WS64_WG64_4_1_WGM6",34,11008049469275,11008049477854,12800,0,96,0,80,256,1,1,256,2,1
"KERNEL_DISPATCH","Agent 1",1,0,9379,35,557,"Cijk_Ailk_Bljk_SB_MT128x64x16_MI32x32x2x1_SN_1LDSB1_APM1_ABV0_ACED0_AF0EM2_AF1EM2_AMAS0_ASE_ASGT_ASLT_ASM_ASAE01_ASCE01_ASEM2_AAC0_BL1_BS1_CLR0_DTLA0_DTLB0_DTVA0_DTVB0_DVO0_ETSP_EPS1_ELFLR0_EMLL0_FSSC10_FL0_GLVWA1_GLVWB1_GRCGA1_GRCGB1_GRPM1_GRVW1_GSU1_GSUASB_GLS0_ISA942_IU1_K1_KLA_LBSPPA0_LBSPPB128_LPA0_LPB2_LDL1_LRVW2_LWPMn1_LDW0_FMA_MIAV1_MDA2_MO40_MMFSC_MKFGSU256_NTA0_NTB0_NTC3_NTD3_NEPBS0_NLCA1_NLCB1_ONLL1_OPLV0_PK0_PAP0_PGR2_PLR9_PKA0_SIA3_SLW1_SS1_SU0_SUM0_SUS0_SCIUI1_SPO1_SRVW0_SSO6_SVW1_SNLL0_TSGRA0_TSGRB0_TT2_32_TLDS1_UMLDSA0_UMLDSB1_U64SL1_USFGROn1_VAW1_VSn1_VW1_VWB1_VFLRP0_WSGRA0_WSGRB0_WS64_WG64_4_1_WGM6",35,11008049507554,11008049515652,12800,0,96,0,80,256,1,1,256,2,1
"KERNEL_DISPATCH","Agent 1",1,0,9379,36,557,"Cijk_Ailk_Bljk_SB_MT128x64x16_MI32x32x2x1_SN_1LDSB1_APM1_ABV0_ACED0_AF0EM2_AF1EM2_AMAS0_ASE_ASGT_ASLT_ASM_ASAE01_ASCE01_ASEM2_AAC0_BL1_BS1_CLR0_DTLA0_DTLB0_DTVA0_DTVB0_DVO0_ETSP_EPS1_ELFLR0_EMLL0_FSSC10_FL0_GLVWA1_GLVWB1_GRCGA1_GRCGB1_GRPM1_GRVW1_GSU1_GSUASB_GLS0_ISA942_IU1_K1_KLA_LBSPPA0_LBSPPB128_LPA0_LPB2_LDL1_LRVW2_LWPMn1_LDW0_FMA_MIAV1_MDA2_MO40_MMFSC_MKFGSU256_NTA0_NTB0_NTC3_NTD3_NEPBS0_NLCA1_NLCB1_ONLL1_OPLV0_PK0_PAP0_PGR2_PLR9_PKA0_SIA3_SLW1_SS1_SU0_SUM0_SUS0_SCIUI1_SPO1_SRVW0_SSO6_SVW1_SNLL0_TSGRA0_TSGRB0_TT2_32_TLDS1_UMLDSA0_UMLDSB1_U64SL1_USFGROn1_VAW1_VSn1_VW1_VWB1_VFLRP0_WSGRA0_WSGRB0_WS64_WG64_4_1_WGM6",36,11008049552421,11008049559197,12800,0,96,0,80,256,1,1,256,2,1
"KERNEL_DISPATCH","Agent 1",1,0,9379,37,557,"Cijk_Ailk_Bljk_SB_MT128x64x16_MI32x32x2x1_SN_1LDSB1_APM1_ABV0_ACED0_AF0EM2_AF1EM2_AMAS0_ASE_ASGT_ASLT_ASM_ASAE01_ASCE01_ASEM2_AAC0_BL1_BS1_CLR0_DTLA0_DTLB0_DTVA0_DTVB0_DVO0_ETSP_EPS1_ELFLR0_EMLL0_FSSC10_FL0_GLVWA1_GLVWB1_GRCGA1_GRCGB1_GRPM1_GRVW1_GSU1_GSUASB_GLS0_ISA942_IU1_K1_KLA_LBSPPA0_LBSPPB128_LPA0_LPB2_LDL1_LRVW2_LWPMn1_LDW0_FMA_MIAV1_MDA2_MO40_MMFSC_MKFGSU256_NTA0_NTB0_NTC3_NTD3_NEPBS0_NLCA1_NLCB1_ONLL1_OPLV0_PK0_PAP0_PGR2_PLR9_PKA0_SIA3_SLW1_SS1_SU0_SUM0_SUS0_SCIUI1_SPO1_SRVW0_SSO6_SVW1_SNLL0_TSGRA0_TSGRB0_TT2_32_TLDS1_UMLDSA0_UMLDSB1_U64SL1_USFGROn1_VAW1_VSn1_VW1_VWB1_VFLRP0_WSGRA0_WSGRB0_WS64_WG64_4_1_WGM6",37,11008049562468,11008049569283,12800,0,96,0,80,256,1,1,256,2,1
"KERNEL_DISPATCH","Agent 1",1,0,9379,38,557,"Cijk_Ailk_Bljk_SB_MT128x64x16_MI32x32x2x1_SN_1LDSB1_APM1_ABV0_ACED0_AF0EM2_AF1EM2_AMAS0_ASE_ASGT_ASLT_ASM_ASAE01_ASCE01_ASEM2_AAC0_BL1_BS1_CLR0_DTLA0_DTLB0_DTVA0_DTVB0_DVO0_ETSP_EPS1_ELFLR0_EMLL0_FSSC10_FL0_GLVWA1_GLVWB1_GRCGA1_GRCGB1_GRPM1_GRVW1_GSU1_GSUASB_GLS0_ISA942_IU1_K1_KLA_LBSPPA0_LBSPPB128_LPA0_LPB2_LDL1_LRVW2_LWPMn1_LDW0_FMA_MIAV1_MDA2_MO40_MMFSC_MKFGSU256_NTA0_NTB0_NTC3_NTD3_NEPBS0_NLCA1_NLCB1_ONLL1_OPLV0_PK0_PAP0_PGR2_PLR9_PKA0_SIA3_SLW1_SS1_SU0_SUM0_SUS0_SCIUI1_SPO1_SRVW0_SSO6_SVW1_SNLL0_TSGRA0_TSGRB0_TT2_32_TLDS1_UMLDSA0_UMLDSB1_U64SL1_USFGROn1_VAW1_VSn1_VW1_VWB1_VFLRP0_WSGRA0_WSGRB0_WS64_WG64_4_1_WGM6",38,11008049572501,11008049578955,12800,0,96,0,80,256,1,1,256,2,1
"KERNEL_DISPATCH","Agent 1",1,0,9379,39,557,"Cijk_Ailk_Bljk_SB_MT128x64x16_MI32x32x2x1_SN_1LDSB1_APM1_ABV0_ACED0_AF0EM2_AF1EM2_AMAS0_ASE_ASGT_ASLT_ASM_ASAE01_ASCE01_ASEM2_AAC0_BL1_BS1_CLR0_DTLA0_DTLB0_DTVA0_DTVB0_DVO0_ETSP_EPS1_ELFLR0_EMLL0_FSSC10_FL0_GLVWA1_GLVWB1_GRCGA1_GRCGB1_GRPM1_GRVW1_GSU1_GSUASB_GLS0_ISA942_IU1_K1_KLA_LBSPPA0_LBSPPB128_LPA0_LPB2_LDL1_LRVW2_LWPMn1_LDW0_FMA_MIAV1_MDA2_MO40_MMFSC_MKFGSU256_NTA0_NTB0_NTC3_NTD3_NEPBS0_NLCA1_NLCB1_ONLL1_OPLV0_PK0_PAP0_PGR2_PLR9_PKA0_SIA3_SLW1_SS1_SU0_SUM0_SUS0_SCIUI1_SPO1_SRVW0_SSO6_SVW1_SNLL0_TSGRA0_TSGRB0_TT2_32_TLDS1_UMLDSA0_UMLDSB1_U64SL1_USFGROn1_VAW1_VSn1_VW1_VWB1_VFLRP0_WSGRA0_WSGRB0_WS64_WG64_4_1_WGM6",39,11008049583109,11008049589924,12800,0,96,0,80,256,1,1,256,2,1
"KERNEL_DISPATCH","Agent 1",1,0,9379,40,557,"Cijk_Ailk_Bljk_SB_MT128x64x16_MI32x32x2x1_SN_1LDSB1_APM1_ABV0_ACED0_AF0EM2_AF1EM2_AMAS0_ASE_ASGT_ASLT_ASM_ASAE01_ASCE01_ASEM2_AAC0_BL1_BS1_CLR0_DTLA0_DTLB0_DTVA0_DTVB0_DVO0_ETSP_EPS1_ELFLR0_EMLL0_FSSC10_FL0_GLVWA1_GLVWB1_GRCGA1_GRCGB1_GRPM1_GRVW1_GSU1_GSUASB_GLS0_ISA942_IU1_K1_KLA_LBSPPA0_LBSPPB128_LPA0_LPB2_LDL1_LRVW2_LWPMn1_LDW0_FMA_MIAV1_MDA2_MO40_MMFSC_MKFGSU256_NTA0_NTB0_NTC3_NTD3_NEPBS0_NLCA1_NLCB1_ONLL1_OPLV0_PK0_PAP0_PGR2_PLR9_PKA0_SIA3_SLW1_SS1_SU0_SUM0_SUS0_SCIUI1_SPO1_SRVW0_SSO6_SVW1_SNLL0_TSGRA0_TSGRB0_TT2_32_TLDS1_UMLDSA0_UMLDSB1_U64SL1_USFGROn1_VAW1_VSn1_VW1_VWB1_VFLRP0_WSGRA0_WSGRB0_WS64_WG64_4_1_WGM6",40,11008049593054,11008049599148,12800,0,96,0,80,256,1,1,256,2,1
"KERNEL_DISPATCH","Agent 1",1,0,9379,41,7,"__amd_rocclr_copyBuffer",41,11008049922166,11008049925854,0,0,16,0,32,512,1,1,512,1,1
"KERNEL_DISPATCH","Agent 1",1,0,9379,42,7,"__amd_rocclr_copyBuffer",42,11008049939468,11008049942956,0,0,16,0,32,512,1,1,512,1,1
"KERNEL_DISPATCH","Agent 1",1,0,9379,43,7,"__amd_rocclr_copyBuffer",43,11008049956107,11008049959795,0,0,16,0,32,512,1,1,512,1,1
"KERNEL_DISPATCH","Agent 1",1,0,9379,44,7,"__amd_rocclr_copyBuffer",44,11008049973284,11008049977053,0,0,16,0,32,512,1,1,512,1,1
"KERNEL_DISPATCH","Agent 1",1,0,9379,45,7,"__amd_rocclr_copyBuffer",45,11008049990423,11008049993991,0,0,16,0,32,512,1,1,512,1,1
"KERNEL_DISPATCH","Agent 1",1,0,9379,46,12,"navatala_transformer_tiled_gemm_f16_f32_out",46,11008050023811,11008050032791,2048,0,36,4,32,16,16,1,128,128,1
"KERNEL_DISPATCH","Agent 1",1,0,9379,47,12,"navatala_transformer_tiled_gemm_f16_f32_out",47,11008050032649,11008050038382,2048,0,36,4,32,16,16,1,128,128,1
"KERNEL_DISPATCH","Agent 1",1,0,9379,48,12,"navatala_transformer_tiled_gemm_f16_f32_out",48,11008050056281,11008050062215,2048,0,36,4,32,16,16,1,128,128,1
"KERNEL_DISPATCH","Agent 1",1,0,9379,49,12,"navatala_transformer_tiled_gemm_f16_f32_out",49,11008050062282,11008050068376,2048,0,36,4,32,16,16,1,128,128,1
"KERNEL_DISPATCH","Agent 1",1,0,9379,50,12,"navatala_transformer_tiled_gemm_f16_f32_out",50,11008050068344,11008050074197,2048,0,36,4,32,16,16,1,128,128,1
"KERNEL_DISPATCH","Agent 1",1,0,9379,51,12,"navatala_transformer_tiled_gemm_f16_f32_out",51,11008050081065,11008050087520,2048,0,36,4,32,16,16,1,128,128,1
"KERNEL_DISPATCH","Agent 1",1,0,9379,52,12,"navatala_transformer_tiled_gemm_f16_f32_out",52,11008050087535,11008050093268,2048,0,36,4,32,16,16,1,128,128,1
"KERNEL_DISPATCH","Agent 1",1,0,9379,53,686,"Cijk_Ailk_Bljk_HSS_BH_MT256x256x32_MI32x32x8x1_SN_1LDSB1_APM1_ABV0_ACED0_AF0EM1_AF1EM1_AMAS3_ASE_ASGT_ASLT_ASM_ASAE01_ASCE01_ASEM1_AAC0_BL1_BS1_CLR0_DTLA0_DTLB0_DTVA0_DTVB0_DVO0_ETSP_EPS1_ELFLR0_EMLL0_FSSC10_FL0_GLVWA8_GLVWB8_GRCGA1_GRCGB1_GRPM1_GRVW8_GSU1_GSUASB_GLS0_ISA942_IU1_K1_KLA_LBSPPA0_LBSPPB128_LPA0_LPB8_LDL1_LRVW8_LWPMn1_LDW0_FMA_MIAV0_MDA2_MO40_MMFSC_MKFGSU256_NTA0_NTB0_NTC0_NTD0_NEPBS8_NLCA2_NLCB1_ONLL1_OPLV0_PK0_PAP0_PGR2_PLR5_PKA0_SIA3_SLW1_SS1_SU0_SUM0_SUS0_SCIUI1_SPO0_SRVW0_SSO6_SVW2_SNLL0_TSGRA0_TSGRB0_TT4_128_TLDS1_UMLDSA0_UMLDSB1_U64SL1_USFGROn1_VAW1_VSn1_VW2_VWB1_VFLRP0_WSGRA0_WSGRB0_WS64_WG64_4_1_WGM18",53,11008055748912,11008055775612,34816,0,128,384,64,256,1,1,256,1,1
"KERNEL_DISPATCH","Agent 1",1,0,9379,54,686,"Cijk_Ailk_Bljk_HSS_BH_MT256x256x32_MI32x32x8x1_SN_1LDSB1_APM1_ABV0_ACED0_AF0EM1_AF1EM1_AMAS3_ASE_ASGT_ASLT_ASM_ASAE01_ASCE01_ASEM1_AAC0_BL1_BS1_CLR0_DTLA0_DTLB0_DTVA0_DTVB0_DVO0_ETSP_EPS1_ELFLR0_EMLL0_FSSC10_FL0_GLVWA8_GLVWB8_GRCGA1_GRCGB1_GRPM1_GRVW8_GSU1_GSUASB_GLS0_ISA942_IU1_K1_KLA_LBSPPA0_LBSPPB128_LPA0_LPB8_LDL1_LRVW8_LWPMn1_LDW0_FMA_MIAV0_MDA2_MO40_MMFSC_MKFGSU256_NTA0_NTB0_NTC0_NTD0_NEPBS8_NLCA2_NLCB1_ONLL1_OPLV0_PK0_PAP0_PGR2_PLR5_PKA0_SIA3_SLW1_SS1_SU0_SUM0_SUS0_SCIUI1_SPO0_SRVW0_SSO6_SVW2_SNLL0_TSGRA0_TSGRB0_TT4_128_TLDS1_UMLDSA0_UMLDSB1_U64SL1_USFGROn1_VAW1_VSn1_VW2_VWB1_VFLRP0_WSGRA0_WSGRB0_WS64_WG64_4_1_WGM18",54,11008055779486,11008055800775,34816,0,128,384,64,256,1,1,256,1,1
"KERNEL_DISPATCH","Agent 1",1,0,9379,55,686,"Cijk_Ailk_Bljk_HSS_BH_MT256x256x32_MI32x32x8x1_SN_1LDSB1_APM1_ABV0_ACED0_AF0EM1_AF1EM1_AMAS3_ASE_ASGT_ASLT_ASM_ASAE01_ASCE01_ASEM1_AAC0_BL1_BS1_CLR0_DTLA0_DTLB0_DTVA0_DTVB0_DVO0_ETSP_EPS1_ELFLR0_EMLL0_FSSC10_FL0_GLVWA8_GLVWB8_GRCGA1_GRCGB1_GRPM1_GRVW8_GSU1_GSUASB_GLS0_ISA942_IU1_K1_KLA_LBSPPA0_LBSPPB128_LPA0_LPB8_LDL1_LRVW8_LWPMn1_LDW0_FMA_MIAV0_MDA2_MO40_MMFSC_MKFGSU256_NTA0_NTB0_NTC0_NTD0_NEPBS8_NLCA2_NLCB1_ONLL1_OPLV0_PK0_PAP0_PGR2_PLR5_PKA0_SIA3_SLW1_SS1_SU0_SUM0_SUS0_SCIUI1_SPO0_SRVW0_SSO6_SVW2_SNLL0_TSGRA0_TSGRB0_TT4_128_TLDS1_UMLDSA0_UMLDSB1_U64SL1_USFGROn1_VAW1_VSn1_VW2_VWB1_VFLRP0_WSGRA0_WSGRB0_WS64_WG64_4_1_WGM18",55,11008055841815,11008055866752,34816,0,128,384,64,256,1,1,256,1,1
"KERNEL_DISPATCH","Agent 1",1,0,9379,56,686,"Cijk_Ailk_Bljk_HSS_BH_MT256x256x32_MI32x32x8x1_SN_1LDSB1_APM1_ABV0_ACED0_AF0EM1_AF1EM1_AMAS3_ASE_ASGT_ASLT_ASM_ASAE01_ASCE01_ASEM1_AAC0_BL1_BS1_CLR0_DTLA0_DTLB0_DTVA0_DTVB0_DVO0_ETSP_EPS1_ELFLR0_EMLL0_FSSC10_FL0_GLVWA8_GLVWB8_GRCGA1_GRCGB1_GRPM1_GRVW8_GSU1_GSUASB_GLS0_ISA942_IU1_K1_KLA_LBSPPA0_LBSPPB128_LPA0_LPB8_LDL1_LRVW8_LWPMn1_LDW0_FMA_MIAV0_MDA2_MO40_MMFSC_MKFGSU256_NTA0_NTB0_NTC0_NTD0_NEPBS8_NLCA2_NLCB1_ONLL1_OPLV0_PK0_PAP0_PGR2_PLR5_PKA0_SIA3_SLW1_SS1_SU0_SUM0_SUS0_SCIUI1_SPO0_SRVW0_SSO6_SVW2_SNLL0_TSGRA0_TSGRB0_TT4_128_TLDS1_UMLDSA0_UMLDSB1_U64SL1_USFGROn1_VAW1_VSn1_VW2_VWB1_VFLRP0_WSGRA0_WSGRB0_WS64_WG64_4_1_WGM18",56,11008055866656,11008055890830,34816,0,128,384,64,256,1,1,256,1,1
"KERNEL_DISPATCH","Agent 1",1,0,9379,57,686,"Cijk_Ailk_Bljk_HSS_BH_MT256x256x32_MI32x32x8x1_SN_1LDSB1_APM1_ABV0_ACED0_AF0EM1_AF1EM1_AMAS3_ASE_ASGT_ASLT_ASM_ASAE01_ASCE01_ASEM1_AAC0_BL1_BS1_CLR0_DTLA0_DTLB0_DTVA0_DTVB0_DVO0_ETSP_EPS1_ELFLR0_EMLL0_FSSC10_FL0_GLVWA8_GLVWB8_GRCGA1_GRCGB1_GRPM1_GRVW8_GSU1_GSUASB_GLS0_ISA942_IU1_K1_KLA_LBSPPA0_LBSPPB128_LPA0_LPB8_LDL1_LRVW8_LWPMn1_LDW0_FMA_MIAV0_MDA2_MO40_MMFSC_MKFGSU256_NTA0_NTB0_NTC0_NTD0_NEPBS8_NLCA2_NLCB1_ONLL1_OPLV0_PK0_PAP0_PGR2_PLR5_PKA0_SIA3_SLW1_SS1_SU0_SUM0_SUS0_SCIUI1_SPO0_SRVW0_SSO6_SVW2_SNLL0_TSGRA0_TSGRB0_TT4_128_TLDS1_UMLDSA0_UMLDSB1_U64SL1_USFGROn1_VAW1_VSn1_VW2_VWB1_VFLRP0_WSGRA0_WSGRB0_WS64_WG64_4_1_WGM18",57,11008055890816,11008055915111,34816,0,128,384,64,256,1,1,256,1,1
"KERNEL_DISPATCH","Agent 1",1,0,9379,58,686,"Cijk_Ailk_Bljk_HSS_BH_MT256x256x32_MI32x32x8x1_SN_1LDSB1_APM1_ABV0_ACED0_AF0EM1_AF1EM1_AMAS3_ASE_ASGT_ASLT_ASM_ASAE01_ASCE01_ASEM1_AAC0_BL1_BS1_CLR0_DTLA0_DTLB0_DTVA0_DTVB0_DVO0_ETSP_EPS1_ELFLR0_EMLL0_FSSC10_FL0_GLVWA8_GLVWB8_GRCGA1_GRCGB1_GRPM1_GRVW8_GSU1_GSUASB_GLS0_ISA942_IU1_K1_KLA_LBSPPA0_LBSPPB128_LPA0_LPB8_LDL1_LRVW8_LWPMn1_LDW0_FMA_MIAV0_MDA2_MO40_MMFSC_MKFGSU256_NTA0_NTB0_NTC0_NTD0_NEPBS8_NLCA2_NLCB1_ONLL1_OPLV0_PK0_PAP0_PGR2_PLR5_PKA0_SIA3_SLW1_SS1_SU0_SUM0_SUS0_SCIUI1_SPO0_SRVW0_SSO6_SVW2_SNLL0_TSGRA0_TSGRB0_TT4_128_TLDS1_UMLDSA0_UMLDSB1_U64SL1_USFGROn1_VAW1_VSn1_VW2_VWB1_VFLRP0_WSGRA0_WSGRB0_WS64_WG64_4_1_WGM18",58,11008055915139,11008055939515,34816,0,128,384,64,256,1,1,256,1,1
"KERNEL_DISPATCH","Agent 1",1,0,9379,59,686,"Cijk_Ailk_Bljk_HSS_BH_MT256x256x32_MI32x32x8x1_SN_1LDSB1_APM1_ABV0_ACED0_AF0EM1_AF1EM1_AMAS3_ASE_ASGT_ASLT_ASM_ASAE01_ASCE01_ASEM1_AAC0_BL1_BS1_CLR0_DTLA0_DTLB0_DTVA0_DTVB0_DVO0_ETSP_EPS1_ELFLR0_EMLL0_FSSC10_FL0_GLVWA8_GLVWB8_GRCGA1_GRCGB1_GRPM1_GRVW8_GSU1_GSUASB_GLS0_ISA942_IU1_K1_KLA_LBSPPA0_LBSPPB128_LPA0_LPB8_LDL1_LRVW8_LWPMn1_LDW0_FMA_MIAV0_MDA2_MO40_MMFSC_MKFGSU256_NTA0_NTB0_NTC0_NTD0_NEPBS8_NLCA2_NLCB1_ONLL1_OPLV0_PK0_PAP0_PGR2_PLR5_PKA0_SIA3_SLW1_SS1_SU0_SUM0_SUS0_SCIUI1_SPO0_SRVW0_SSO6_SVW2_SNLL0_TSGRA0_TSGRB0_TT4_128_TLDS1_UMLDSA0_UMLDSB1_U64SL1_USFGROn1_VAW1_VSn1_VW2_VWB1_VFLRP0_WSGRA0_WSGRB0_WS64_WG64_4_1_WGM18",59,11008055939562,11008055962814,34816,0,128,384,64,256,1,1,256,1,1
"KERNEL_DISPATCH","Agent 1",1,0,9379,60,7,"__amd_rocclr_copyBuffer",60,11008056277840,11008056282571,0,0,16,0,32,512,1,1,512,1,1
"KERNEL_DISPATCH","Agent 1",1,0,9379,61,7,"__amd_rocclr_copyBuffer",61,11008056296900,11008056300789,0,0,16,0,32,512,1,1,512,1,1
"KERNEL_DISPATCH","Agent 1",1,0,9379,62,7,"__amd_rocclr_copyBuffer",62,11008056314658,11008056318226,0,0,16,0,32,512,1,1,512,1,1
"KERNEL_DISPATCH","Agent 1",1,0,9379,63,14,"navatala_transformer_tiled_gemm_f16_mfma_k_loop",63,11008056336923,11008056347226,0,0,40,0,32,64,1,1,256,4,1
"KERNEL_DISPATCH","Agent 1",1,0,9379,64,14,"navatala_transformer_tiled_gemm_f16_mfma_k_loop",64,11008056347207,11008056353140,0,0,40,0,32,64,1,1,256,4,1
"KERNEL_DISPATCH","Agent 1",1,0,9379,65,14,"navatala_transformer_tiled_gemm_f16_mfma_k_loop",65,11008056374215,11008056380509,0,0,40,0,32,64,1,1,256,4,1
"KERNEL_DISPATCH","Agent 1",1,0,9379,66,14,"navatala_transformer_tiled_gemm_f16_mfma_k_loop",66,11008056380415,11008056386469,0,0,40,0,32,64,1,1,256,4,1
"KERNEL_DISPATCH","Agent 1",1,0,9379,67,14,"navatala_transformer_tiled_gemm_f16_mfma_k_loop",67,11008056386431,11008056392485,0,0,40,0,32,64,1,1,256,4,1
"KERNEL_DISPATCH","Agent 1",1,0,9379,68,14,"navatala_transformer_tiled_gemm_f16_mfma_k_loop",68,11008056392535,11008056398548,0,0,40,0,32,64,1,1,256,4,1
"KERNEL_DISPATCH","Agent 1",1,0,9379,69,14,"navatala_transformer_tiled_gemm_f16_mfma_k_loop",69,11008056398521,11008056404214,0,0,40,0,32,64,1,1,256,4,1
"KERNEL_DISPATCH","Agent 1",1,0,9379,70,686,"Cijk_Ailk_Bljk_HSS_BH_MT256x256x32_MI32x32x8x1_SN_1LDSB1_APM1_ABV0_ACED0_AF0EM1_AF1EM1_AMAS3_ASE_ASGT_ASLT_ASM_ASAE01_ASCE01_ASEM1_AAC0_BL1_BS1_CLR0_DTLA0_DTLB0_DTVA0_DTVB0_DVO0_ETSP_EPS1_ELFLR0_EMLL0_FSSC10_FL0_GLVWA8_GLVWB8_GRCGA1_GRCGB1_GRPM1_GRVW8_GSU1_GSUASB_GLS0_ISA942_IU1_K1_KLA_LBSPPA0_LBSPPB128_LPA0_LPB8_LDL1_LRVW8_LWPMn1_LDW0_FMA_MIAV0_MDA2_MO40_MMFSC_MKFGSU256_NTA0_NTB0_NTC0_NTD0_NEPBS8_NLCA2_NLCB1_ONLL1_OPLV0_PK0_PAP0_PGR2_PLR5_PKA0_SIA3_SLW1_SS1_SU0_SUM0_SUS0_SCIUI1_SPO0_SRVW0_SSO6_SVW2_SNLL0_TSGRA0_TSGRB0_TT4_128_TLDS1_UMLDSA0_UMLDSB1_U64SL1_USFGROn1_VAW1_VSn1_VW2_VWB1_VFLRP0_WSGRA0_WSGRB0_WS64_WG64_4_1_WGM18",70,11008056425878,11008056450614,34816,0,128,384,64,256,1,1,256,1,1
"KERNEL_DISPATCH","Agent 1",1,0,9379,71,686,"Cijk_Ailk_Bljk_HSS_BH_MT256x256x32_MI32x32x8x1_SN_1LDSB1_APM1_ABV0_ACED0_AF0EM1_AF1EM1_AMAS3_ASE_ASGT_ASLT_ASM_ASAE01_ASCE01_ASEM1_AAC0_BL1_BS1_CLR0_DTLA0_DTLB0_DTVA0_DTVB0_DVO0_ETSP_EPS1_ELFLR0_EMLL0_FSSC10_FL0_GLVWA8_GLVWB8_GRCGA1_GRCGB1_GRPM1_GRVW8_GSU1_GSUASB_GLS0_ISA942_IU1_K1_KLA_LBSPPA0_LBSPPB128_LPA0_LPB8_LDL1_LRVW8_LWPMn1_LDW0_FMA_MIAV0_MDA2_MO40_MMFSC_MKFGSU256_NTA0_NTB0_NTC0_NTD0_NEPBS8_NLCA2_NLCB1_ONLL1_OPLV0_PK0_PAP0_PGR2_PLR5_PKA0_SIA3_SLW1_SS1_SU0_SUM0_SUS0_SCIUI1_SPO0_SRVW0_SSO6_SVW2_SNLL0_TSGRA0_TSGRB0_TT4_128_TLDS1_UMLDSA0_UMLDSB1_U64SL1_USFGROn1_VAW1_VSn1_VW2_VWB1_VFLRP0_WSGRA0_WSGRB0_WS64_WG64_4_1_WGM18",71,11008056450544,11008056474759,34816,0,128,384,64,256,1,1,256,1,1
"KERNEL_DISPATCH","Agent 1",1,0,9379,72,686,"Cijk_Ailk_Bljk_HSS_BH_MT256x256x32_MI32x32x8x1_SN_1LDSB1_APM1_ABV0_ACED0_AF0EM1_AF1EM1_AMAS3_ASE_ASGT_ASLT_ASM_ASAE01_ASCE01_ASEM1_AAC0_BL1_BS1_CLR0_DTLA0_DTLB0_DTVA0_DTVB0_DVO0_ETSP_EPS1_ELFLR0_EMLL0_FSSC10_FL0_GLVWA8_GLVWB8_GRCGA1_GRCGB1_GRPM1_GRVW8_GSU1_GSUASB_GLS0_ISA942_IU1_K1_KLA_LBSPPA0_LBSPPB128_LPA0_LPB8_LDL1_LRVW8_LWPMn1_LDW0_FMA_MIAV0_MDA2_MO40_MMFSC_MKFGSU256_NTA0_NTB0_NTC0_NTD0_NEPBS8_NLCA2_NLCB1_ONLL1_OPLV0_PK0_PAP0_PGR2_PLR5_PKA0_SIA3_SLW1_SS1_SU0_SUM0_SUS0_SCIUI1_SPO0_SRVW0_SSO6_SVW2_SNLL0_TSGRA0_TSGRB0_TT4_128_TLDS1_UMLDSA0_UMLDSB1_U64SL1_USFGROn1_VAW1_VSn1_VW2_VWB1_VFLRP0_WSGRA0_WSGRB0_WS64_WG64_4_1_WGM18",72,11008056495329,11008056520065,34816,0,128,384,64,256,1,1,256,1,1
"KERNEL_DISPATCH","Agent 1",1,0,9379,73,686,"Cijk_Ailk_Bljk_HSS_BH_MT256x256x32_MI32x32x8x1_SN_1LDSB1_APM1_ABV0_ACED0_AF0EM1_AF1EM1_AMAS3_ASE_ASGT_ASLT_ASM_ASAE01_ASCE01_ASEM1_AAC0_BL1_BS1_CLR0_DTLA0_DTLB0_DTVA0_DTVB0_DVO0_ETSP_EPS1_ELFLR0_EMLL0_FSSC10_FL0_GLVWA8_GLVWB8_GRCGA1_GRCGB1_GRPM1_GRVW8_GSU1_GSUASB_GLS0_ISA942_IU1_K1_KLA_LBSPPA0_LBSPPB128_LPA0_LPB8_LDL1_LRVW8_LWPMn1_LDW0_FMA_MIAV0_MDA2_MO40_MMFSC_MKFGSU256_NTA0_NTB0_NTC0_NTD0_NEPBS8_NLCA2_NLCB1_ONLL1_OPLV0_PK0_PAP0_PGR2_PLR5_PKA0_SIA3_SLW1_SS1_SU0_SUM0_SUS0_SCIUI1_SPO0_SRVW0_SSO6_SVW2_SNLL0_TSGRA0_TSGRB0_TT4_128_TLDS1_UMLDSA0_UMLDSB1_U64SL1_USFGROn1_VAW1_VSn1_VW2_VWB1_VFLRP0_WSGRA0_WSGRB0_WS64_WG64_4_1_WGM18",73,11008056520120,11008056544576,34816,0,128,384,64,256,1,1,256,1,1
"KERNEL_DISPATCH","Agent 1",1,0,9379,74,686,"Cijk_Ailk_Bljk_HSS_BH_MT256x256x32_MI32x32x8x1_SN_1LDSB1_APM1_ABV0_ACED0_AF0EM1_AF1EM1_AMAS3_ASE_ASGT_ASLT_ASM_ASAE01_ASCE01_ASEM1_AAC0_BL1_BS1_CLR0_DTLA0_DTLB0_DTVA0_DTVB0_DVO0_ETSP_EPS1_ELFLR0_EMLL0_FSSC10_FL0_GLVWA8_GLVWB8_GRCGA1_GRCGB1_GRPM1_GRVW8_GSU1_GSUASB_GLS0_ISA942_IU1_K1_KLA_LBSPPA0_LBSPPB128_LPA0_LPB8_LDL1_LRVW8_LWPMn1_LDW0_FMA_MIAV0_MDA2_MO40_MMFSC_MKFGSU256_NTA0_NTB0_NTC0_NTD0_NEPBS8_NLCA2_NLCB1_ONLL1_OPLV0_PK0_PAP0_PGR2_PLR5_PKA0_SIA3_SLW1_SS1_SU0_SUM0_SUS0_SCIUI1_SPO0_SRVW0_SSO6_SVW2_SNLL0_TSGRA0_TSGRB0_TT4_128_TLDS1_UMLDSA0_UMLDSB1_U64SL1_USFGROn1_VAW1_VSn1_VW2_VWB1_VFLRP0_WSGRA0_WSGRB0_WS64_WG64_4_1_WGM18",74,11008056544484,11008056568618,34816,0,128,384,64,256,1,1,256,1,1
"KERNEL_DISPATCH","Agent 1",1,0,9379,75,686,"Cijk_Ailk_Bljk_HSS_BH_MT256x256x32_MI32x32x8x1_SN_1LDSB1_APM1_ABV0_ACED0_AF0EM1_AF1EM1_AMAS3_ASE_ASGT_ASLT_ASM_ASAE01_ASCE01_ASEM1_AAC0_BL1_BS1_CLR0_DTLA0_DTLB0_DTVA0_DTVB0_DVO0_ETSP_EPS1_ELFLR0_EMLL0_FSSC10_FL0_GLVWA8_GLVWB8_GRCGA1_GRCGB1_GRPM1_GRVW8_GSU1_GSUASB_GLS0_ISA942_IU1_K1_KLA_LBSPPA0_LBSPPB128_LPA0_LPB8_LDL1_LRVW8_LWPMn1_LDW0_FMA_MIAV0_MDA2_MO40_MMFSC_MKFGSU256_NTA0_NTB0_NTC0_NTD0_NEPBS8_NLCA2_NLCB1_ONLL1_OPLV0_PK0_PAP0_PGR2_PLR5_PKA0_SIA3_SLW1_SS1_SU0_SUM0_SUS0_SCIUI1_SPO0_SRVW0_SSO6_SVW2_SNLL0_TSGRA0_TSGRB0_TT4_128_TLDS1_UMLDSA0_UMLDSB1_U64SL1_USFGROn1_VAW1_VSn1_VW2_VWB1_VFLRP0_WSGRA0_WSGRB0_WS64_WG64_4_1_WGM18",75,11008056568638,11008056592091,34816,0,128,384,64,256,1,1,256,1,1
"KERNEL_DISPATCH","Agent 1",1,0,9379,76,686,"Cijk_Ailk_Bljk_HSS_BH_MT256x256x32_MI32x32x8x1_SN_1LDSB1_APM1_ABV0_ACED0_AF0EM1_AF1EM1_AMAS3_ASE_ASGT_ASLT_ASM_ASAE01_ASCE01_ASEM1_AAC0_BL1_BS1_CLR0_DTLA0_DTLB0_DTVA0_DTVB0_DVO0_ETSP_EPS1_ELFLR0_EMLL0_FSSC10_FL0_GLVWA8_GLVWB8_GRCGA1_GRCGB1_GRPM1_GRVW8_GSU1_GSUASB_GLS0_ISA942_IU1_K1_KLA_LBSPPA0_LBSPPB128_LPA0_LPB8_LDL1_LRVW8_LWPMn1_LDW0_FMA_MIAV0_MDA2_MO40_MMFSC_MKFGSU256_NTA0_NTB0_NTC0_NTD0_NEPBS8_NLCA2_NLCB1_ONLL1_OPLV0_PK0_PAP0_PGR2_PLR5_PKA0_SIA3_SLW1_SS1_SU0_SUM0_SUS0_SCIUI1_SPO0_SRVW0_SSO6_SVW2_SNLL0_TSGRA0_TSGRB0_TT4_128_TLDS1_UMLDSA0_UMLDSB1_U64SL1_USFGROn1_VAW1_VSn1_VW2_VWB1_VFLRP0_WSGRA0_WSGRB0_WS64_WG64_4_1_WGM18",76,11008056592025,11008056615358,34816,0,128,384,64,256,1,1,256,1,1
"KERNEL_DISPATCH","Agent 1",1,0,9379,77,7,"__amd_rocclr_copyBuffer",77,11008056886338,11008056891630,0,0,16,0,32,512,1,1,512,1,1
"KERNEL_DISPATCH","Agent 1",1,0,9379,78,7,"__amd_rocclr_copyBuffer",78,11008056906078,11008056909566,0,0,16,0,32,512,1,1,512,1,1
"KERNEL_DISPATCH","Agent 1",1,0,9379,79,7,"__amd_rocclr_copyBuffer",79,11008056923136,11008056926825,0,0,16,0,32,512,1,1,512,1,1
"KERNEL_DISPATCH","Agent 1",1,0,9379,80,18,"navatala_transformer_tiled_gemm_f16_mfma_cta64_direct",80,11008056941189,11008056957185,0,0,40,0,32,256,1,1,512,2,1
"KERNEL_DISPATCH","Agent 1",1,0,9379,81,18,"navatala_transformer_tiled_gemm_f16_mfma_cta64_direct",81,11008056957140,11008056969007,0,0,40,0,32,256,1,1,512,2,1
"KERNEL_DISPATCH","Agent 1",1,0,9379,82,18,"navatala_transformer_tiled_gemm_f16_mfma_cta64_direct",82,11008056985863,11008056997770,0,0,40,0,32,256,1,1,512,2,1
"KERNEL_DISPATCH","Agent 1",1,0,9379,83,18,"navatala_transformer_tiled_gemm_f16_mfma_cta64_direct",83,11008057000998,11008057013587,0,0,40,0,32,256,1,1,512,2,1
"KERNEL_DISPATCH","Agent 1",1,0,9379,84,18,"navatala_transformer_tiled_gemm_f16_mfma_cta64_direct",84,11008057013481,11008057025348,0,0,40,0,32,256,1,1,512,2,1
"KERNEL_DISPATCH","Agent 1",1,0,9379,85,18,"navatala_transformer_tiled_gemm_f16_mfma_cta64_direct",85,11008057025343,11008057037370,0,0,40,0,32,256,1,1,512,2,1
"KERNEL_DISPATCH","Agent 1",1,0,9379,86,18,"navatala_transformer_tiled_gemm_f16_mfma_cta64_direct",86,11008057037538,11008057049164,0,0,40,0,32,256,1,1,512,2,1
"KERNEL_DISPATCH","Agent 1",1,0,9379,87,686,"Cijk_Ailk_Bljk_HSS_BH_MT256x256x32_MI32x32x8x1_SN_1LDSB1_APM1_ABV0_ACED0_AF0EM1_AF1EM1_AMAS3_ASE_ASGT_ASLT_ASM_ASAE01_ASCE01_ASEM1_AAC0_BL1_BS1_CLR0_DTLA0_DTLB0_DTVA0_DTVB0_DVO0_ETSP_EPS1_ELFLR0_EMLL0_FSSC10_FL0_GLVWA8_GLVWB8_GRCGA1_GRCGB1_GRPM1_GRVW8_GSU1_GSUASB_GLS0_ISA942_IU1_K1_KLA_LBSPPA0_LBSPPB128_LPA0_LPB8_LDL1_LRVW8_LWPMn1_LDW0_FMA_MIAV0_MDA2_MO40_MMFSC_MKFGSU256_NTA0_NTB0_NTC0_NTD0_NEPBS8_NLCA2_NLCB1_ONLL1_OPLV0_PK0_PAP0_PGR2_PLR5_PKA0_SIA3_SLW1_SS1_SU0_SUM0_SUS0_SCIUI1_SPO0_SRVW0_SSO6_SVW2_SNLL0_TSGRA0_TSGRB0_TT4_128_TLDS1_UMLDSA0_UMLDSB1_U64SL1_USFGROn1_VAW1_VSn1_VW2_VWB1_VFLRP0_WSGRA0_WSGRB0_WS64_WG64_4_1_WGM18",87,11008057069421,11008057093596,34816,0,128,384,64,256,1,1,256,1,1
"KERNEL_DISPATCH","Agent 1",1,0,9379,88,686,"Cijk_Ailk_Bljk_HSS_BH_MT256x256x32_MI32x32x8x1_SN_1LDSB1_APM1_ABV0_ACED0_AF0EM1_AF1EM1_AMAS3_ASE_ASGT_ASLT_ASM_ASAE01_ASCE01_ASEM1_AAC0_BL1_BS1_CLR0_DTLA0_DTLB0_DTVA0_DTVB0_DVO0_ETSP_EPS1_ELFLR0_EMLL0_FSSC10_FL0_GLVWA8_GLVWB8_GRCGA1_GRCGB1_GRPM1_GRVW8_GSU1_GSUASB_GLS0_ISA942_IU1_K1_KLA_LBSPPA0_LBSPPB128_LPA0_LPB8_LDL1_LRVW8_LWPMn1_LDW0_FMA_MIAV0_MDA2_MO40_MMFSC_MKFGSU256_NTA0_NTB0_NTC0_NTD0_NEPBS8_NLCA2_NLCB1_ONLL1_OPLV0_PK0_PAP0_PGR2_PLR5_PKA0_SIA3_SLW1_SS1_SU0_SUM0_SUS0_SCIUI1_SPO0_SRVW0_SSO6_SVW2_SNLL0_TSGRA0_TSGRB0_TT4_128_TLDS1_UMLDSA0_UMLDSB1_U64SL1_USFGROn1_VAW1_VSn1_VW2_VWB1_VFLRP0_WSGRA0_WSGRB0_WS64_WG64_4_1_WGM18",88,11008057093578,11008057116911,34816,0,128,384,64,256,1,1,256,1,1
"KERNEL_DISPATCH","Agent 1",1,0,9379,89,686,"Cijk_Ailk_Bljk_HSS_BH_MT256x256x32_MI32x32x8x1_SN_1LDSB1_APM1_ABV0_ACED0_AF0EM1_AF1EM1_AMAS3_ASE_ASGT_ASLT_ASM_ASAE01_ASCE01_ASEM1_AAC0_BL1_BS1_CLR0_DTLA0_DTLB0_DTVA0_DTVB0_DVO0_ETSP_EPS1_ELFLR0_EMLL0_FSSC10_FL0_GLVWA8_GLVWB8_GRCGA1_GRCGB1_GRPM1_GRVW8_GSU1_GSUASB_GLS0_ISA942_IU1_K1_KLA_LBSPPA0_LBSPPB128_LPA0_LPB8_LDL1_LRVW8_LWPMn1_LDW0_FMA_MIAV0_MDA2_MO40_MMFSC_MKFGSU256_NTA0_NTB0_NTC0_NTD0_NEPBS8_NLCA2_NLCB1_ONLL1_OPLV0_PK0_PAP0_PGR2_PLR5_PKA0_SIA3_SLW1_SS1_SU0_SUM0_SUS0_SCIUI1_SPO0_SRVW0_SSO6_SVW2_SNLL0_TSGRA0_TSGRB0_TT4_128_TLDS1_UMLDSA0_UMLDSB1_U64SL1_USFGROn1_VAW1_VSn1_VW2_VWB1_VFLRP0_WSGRA0_WSGRB0_WS64_WG64_4_1_WGM18",89,11008057137633,11008057161727,34816,0,128,384,64,256,1,1,256,1,1
"KERNEL_DISPATCH","Agent 1",1,0,9379,90,686,"Cijk_Ailk_Bljk_HSS_BH_MT256x256x32_MI32x32x8x1_SN_1LDSB1_APM1_ABV0_ACED0_AF0EM1_AF1EM1_AMAS3_ASE_ASGT_ASLT_ASM_ASAE01_ASCE01_ASEM1_AAC0_BL1_BS1_CLR0_DTLA0_DTLB0_DTVA0_DTVB0_DVO0_ETSP_EPS1_ELFLR0_EMLL0_FSSC10_FL0_GLVWA8_GLVWB8_GRCGA1_GRCGB1_GRPM1_GRVW8_GSU1_GSUASB_GLS0_ISA942_IU1_K1_KLA_LBSPPA0_LBSPPB128_LPA0_LPB8_LDL1_LRVW8_LWPMn1_LDW0_FMA_MIAV0_MDA2_MO40_MMFSC_MKFGSU256_NTA0_NTB0_NTC0_NTD0_NEPBS8_NLCA2_NLCB1_ONLL1_OPLV0_PK0_PAP0_PGR2_PLR5_PKA0_SIA3_SLW1_SS1_SU0_SUM0_SUS0_SCIUI1_SPO0_SRVW0_SSO6_SVW2_SNLL0_TSGRA0_TSGRB0_TT4_128_TLDS1_UMLDSA0_UMLDSB1_U64SL1_USFGROn1_VAW1_VSn1_VW2_VWB1_VFLRP0_WSGRA0_WSGRB0_WS64_WG64_4_1_WGM18",90,11008057161761,11008057185335,34816,0,128,384,64,256,1,1,256,1,1
"KERNEL_DISPATCH","Agent 1",1,0,9379,91,686,"Cijk_Ailk_Bljk_HSS_BH_MT256x256x32_MI32x32x8x1_SN_1LDSB1_APM1_ABV0_ACED0_AF0EM1_AF1EM1_AMAS3_ASE_ASGT_ASLT_ASM_ASAE01_ASCE01_ASEM1_AAC0_BL1_BS1_CLR0_DTLA0_DTLB0_DTVA0_DTVB0_DVO0_ETSP_EPS1_ELFLR0_EMLL0_FSSC10_FL0_GLVWA8_GLVWB8_GRCGA1_GRCGB1_GRPM1_GRVW8_GSU1_GSUASB_GLS0_ISA942_IU1_K1_KLA_LBSPPA0_LBSPPB128_LPA0_LPB8_LDL1_LRVW8_LWPMn1_LDW0_FMA_MIAV0_MDA2_MO40_MMFSC_MKFGSU256_NTA0_NTB0_NTC0_NTD0_NEPBS8_NLCA2_NLCB1_ONLL1_OPLV0_PK0_PAP0_PGR2_PLR5_PKA0_SIA3_SLW1_SS1_SU0_SUM0_SUS0_SCIUI1_SPO0_SRVW0_SSO6_SVW2_SNLL0_TSGRA0_TSGRB0_TT4_128_TLDS1_UMLDSA0_UMLDSB1_U64SL1_USFGROn1_VAW1_VSn1_VW2_VWB1_VFLRP0_WSGRA0_WSGRB0_WS64_WG64_4_1_WGM18",91,11008057185360,11008057209655,34816,0,128,384,64,256,1,1,256,1,1
"KERNEL_DISPATCH","Agent 1",1,0,9379,92,686,"Cijk_Ailk_Bljk_HSS_BH_MT256x256x32_MI32x32x8x1_SN_1LDSB1_APM1_ABV0_ACED0_AF0EM1_AF1EM1_AMAS3_ASE_ASGT_ASLT_ASM_ASAE01_ASCE01_ASEM1_AAC0_BL1_BS1_CLR0_DTLA0_DTLB0_DTVA0_DTVB0_DVO0_ETSP_EPS1_ELFLR0_EMLL0_FSSC10_FL0_GLVWA8_GLVWB8_GRCGA1_GRCGB1_GRPM1_GRVW8_GSU1_GSUASB_GLS0_ISA942_IU1_K1_KLA_LBSPPA0_LBSPPB128_LPA0_LPB8_LDL1_LRVW8_LWPMn1_LDW0_FMA_MIAV0_MDA2_MO40_MMFSC_MKFGSU256_NTA0_NTB0_NTC0_NTD0_NEPBS8_NLCA2_NLCB1_ONLL1_OPLV0_PK0_PAP0_PGR2_PLR5_PKA0_SIA3_SLW1_SS1_SU0_SUM0_SUS0_SCIUI1_SPO0_SRVW0_SSO6_SVW2_SNLL0_TSGRA0_TSGRB0_TT4_128_TLDS1_UMLDSA0_UMLDSB1_U64SL1_USFGROn1_VAW1_VSn1_VW2_VWB1_VFLRP0_WSGRA0_WSGRB0_WS64_WG64_4_1_WGM18",92,11008057209627,11008057234002,34816,0,128,384,64,256,1,1,256,1,1
"KERNEL_DISPATCH","Agent 1",1,0,9379,93,686,"Cijk_Ailk_Bljk_HSS_BH_MT256x256x32_MI32x32x8x1_SN_1LDSB1_APM1_ABV0_ACED0_AF0EM1_AF1EM1_AMAS3_ASE_ASGT_ASLT_ASM_ASAE01_ASCE01_ASEM1_AAC0_BL1_BS1_CLR0_DTLA0_DTLB0_DTVA0_DTVB0_DVO0_ETSP_EPS1_ELFLR0_EMLL0_FSSC10_FL0_GLVWA8_GLVWB8_GRCGA1_GRCGB1_GRPM1_GRVW8_GSU1_GSUASB_GLS0_ISA942_IU1_K1_KLA_LBSPPA0_LBSPPB128_LPA0_LPB8_LDL1_LRVW8_LWPMn1_LDW0_FMA_MIAV0_MDA2_MO40_MMFSC_MKFGSU256_NTA0_NTB0_NTC0_NTD0_NEPBS8_NLCA2_NLCB1_ONLL1_OPLV0_PK0_PAP0_PGR2_PLR5_PKA0_SIA3_SLW1_SS1_SU0_SUM0_SUS0_SCIUI1_SPO0_SRVW0_SSO6_SVW2_SNLL0_TSGRA0_TSGRB0_TT4_128_TLDS1_UMLDSA0_UMLDSB1_U64SL1_USFGROn1_VAW1_VSn1_VW2_VWB1_VFLRP0_WSGRA0_WSGRB0_WS64_WG64_4_1_WGM18",93,11008057234072,11008057257926,34816,0,128,384,64,256,1,1,256,1,1
"KERNEL_DISPATCH","Agent 1",1,0,9379,94,7,"__amd_rocclr_copyBuffer",94,11008057520325,11008057523933,0,0,16,0,32,512,1,1,512,1,1
"KERNEL_DISPATCH","Agent 1",1,0,9379,95,7,"__amd_rocclr_copyBuffer",95,11008057537276,11008057540884,0,0,16,0,32,512,1,1,512,1,1
"KERNEL_DISPATCH","Agent 1",1,0,9379,96,7,"__amd_rocclr_copyBuffer",96,11008057553954,11008057557762,0,0,16,0,32,512,1,1,512,1,1
"KERNEL_DISPATCH","Agent 1",1,0,9379,97,17,"navatala_transformer_tiled_gemm_f16_mfma_cta128",97,11008057719600,11008057745900,16384,12,128,0,32,256,1,1,256,1,1
"KERNEL_DISPATCH","Agent 1",1,0,9379,98,17,"navatala_transformer_tiled_gemm_f16_mfma_cta128",98,11008057744982,11008057758092,16384,12,128,0,32,256,1,1,256,1,1
"KERNEL_DISPATCH","Agent 1",1,0,9379,99,17,"navatala_transformer_tiled_gemm_f16_mfma_cta128",99,11008057775946,11008057790298,16384,12,128,0,32,256,1,1,256,1,1
"KERNEL_DISPATCH","Agent 1",1,0,9379,100,17,"navatala_transformer_tiled_gemm_f16_mfma_cta128",100,11008057790093,11008057804486,16384,12,128,0,32,256,1,1,256,1,1
"KERNEL_DISPATCH","Agent 1",1,0,9379,101,17,"navatala_transformer_tiled_gemm_f16_mfma_cta128",101,11008057804520,11008057818912,16384,12,128,0,32,256,1,1,256,1,1
"KERNEL_DISPATCH","Agent 1",1,0,9379,102,17,"navatala_transformer_tiled_gemm_f16_mfma_cta128",102,11008057819068,11008057833782,16384,12,128,0,32,256,1,1,256,1,1
"KERNEL_DISPATCH","Agent 1",1,0,9379,103,17,"navatala_transformer_tiled_gemm_f16_mfma_cta128",103,11008057833516,11008057847627,16384,12,128,0,32,256,1,1,256,1,1
"KERNEL_DISPATCH","Agent 1",1,0,9379,104,686,"Cijk_Ailk_Bljk_HSS_BH_MT256x256x32_MI32x32x8x1_SN_1LDSB1_APM1_ABV0_ACED0_AF0EM1_AF1EM1_AMAS3_ASE_ASGT_ASLT_ASM_ASAE01_ASCE01_ASEM1_AAC0_BL1_BS1_CLR0_DTLA0_DTLB0_DTVA0_DTVB0_DVO0_ETSP_EPS1_ELFLR0_EMLL0_FSSC10_FL0_GLVWA8_GLVWB8_GRCGA1_GRCGB1_GRPM1_GRVW8_GSU1_GSUASB_GLS0_ISA942_IU1_K1_KLA_LBSPPA0_LBSPPB128_LPA0_LPB8_LDL1_LRVW8_LWPMn1_LDW0_FMA_MIAV0_MDA2_MO40_MMFSC_MKFGSU256_NTA0_NTB0_NTC0_NTD0_NEPBS8_NLCA2_NLCB1_ONLL1_OPLV0_PK0_PAP0_PGR2_PLR5_PKA0_SIA3_SLW1_SS1_SU0_SUM0_SUS0_SCIUI1_SPO0_SRVW0_SSO6_SVW2_SNLL0_TSGRA0_TSGRB0_TT4_128_TLDS1_UMLDSA0_UMLDSB1_U64SL1_USFGROn1_VAW1_VSn1_VW2_VWB1_VFLRP0_WSGRA0_WSGRB0_WS64_WG64_4_1_WGM18",104,11008057868701,11008057893196,34816,0,128,384,64,256,1,1,256,1,1
"KERNEL_DISPATCH","Agent 1",1,0,9379,105,686,"Cijk_Ailk_Bljk_HSS_BH_MT256x256x32_MI32x32x8x1_SN_1LDSB1_APM1_ABV0_ACED0_AF0EM1_AF1EM1_AMAS3_ASE_ASGT_ASLT_ASM_ASAE01_ASCE01_ASEM1_AAC0_BL1_BS1_CLR0_DTLA0_DTLB0_DTVA0_DTVB0_DVO0_ETSP_EPS1_ELFLR0_EMLL0_FSSC10_FL0_GLVWA8_GLVWB8_GRCGA1_GRCGB1_GRPM1_GRVW8_GSU1_GSUASB_GLS0_ISA942_IU1_K1_KLA_LBSPPA0_LBSPPB128_LPA0_LPB8_LDL1_LRVW8_LWPMn1_LDW0_FMA_MIAV0_MDA2_MO40_MMFSC_MKFGSU256_NTA0_NTB0_NTC0_NTD0_NEPBS8_NLCA2_NLCB1_ONLL1_OPLV0_PK0_PAP0_PGR2_PLR5_PKA0_SIA3_SLW1_SS1_SU0_SUM0_SUS0_SCIUI1_SPO0_SRVW0_SSO6_SVW2_SNLL0_TSGRA0_TSGRB0_TT4_128_TLDS1_UMLDSA0_UMLDSB1_U64SL1_USFGROn1_VAW1_VSn1_VW2_VWB1_VFLRP0_WSGRA0_WSGRB0_WS64_WG64_4_1_WGM18",105,11008057893335,11008057917229,34816,0,128,384,64,256,1,1,256,1,1
"KERNEL_DISPATCH","Agent 1",1,0,9379,106,686,"Cijk_Ailk_Bljk_HSS_BH_MT256x256x32_MI32x32x8x1_SN_1LDSB1_APM1_ABV0_ACED0_AF0EM1_AF1EM1_AMAS3_ASE_ASGT_ASLT_ASM_ASAE01_ASCE01_ASEM1_AAC0_BL1_BS1_CLR0_DTLA0_DTLB0_DTVA0_DTVB0_DVO0_ETSP_EPS1_ELFLR0_EMLL0_FSSC10_FL0_GLVWA8_GLVWB8_GRCGA1_GRCGB1_GRPM1_GRVW8_GSU1_GSUASB_GLS0_ISA942_IU1_K1_KLA_LBSPPA0_LBSPPB128_LPA0_LPB8_LDL1_LRVW8_LWPMn1_LDW0_FMA_MIAV0_MDA2_MO40_MMFSC_MKFGSU256_NTA0_NTB0_NTC0_NTD0_NEPBS8_NLCA2_NLCB1_ONLL1_OPLV0_PK0_PAP0_PGR2_PLR5_PKA0_SIA3_SLW1_SS1_SU0_SUM0_SUS0_SCIUI1_SPO0_SRVW0_SSO6_SVW2_SNLL0_TSGRA0_TSGRB0_TT4_128_TLDS1_UMLDSA0_UMLDSB1_U64SL1_USFGROn1_VAW1_VSn1_VW2_VWB1_VFLRP0_WSGRA0_WSGRB0_WS64_WG64_4_1_WGM18",106,11008057937669,11008057961643,34816,0,128,384,64,256,1,1,256,1,1
"KERNEL_DISPATCH","Agent 1",1,0,9379,107,686,"Cijk_Ailk_Bljk_HSS_BH_MT256x256x32_MI32x32x8x1_SN_1LDSB1_APM1_ABV0_ACED0_AF0EM1_AF1EM1_AMAS3_ASE_ASGT_ASLT_ASM_ASAE01_ASCE01_ASEM1_AAC0_BL1_BS1_CLR0_DTLA0_DTLB0_DTVA0_DTVB0_DVO0_ETSP_EPS1_ELFLR0_EMLL0_FSSC10_FL0_GLVWA8_GLVWB8_GRCGA1_GRCGB1_GRPM1_GRVW8_GSU1_GSUASB_GLS0_ISA942_IU1_K1_KLA_LBSPPA0_LBSPPB128_LPA0_LPB8_LDL1_LRVW8_LWPMn1_LDW0_FMA_MIAV0_MDA2_MO40_MMFSC_MKFGSU256_NTA0_NTB0_NTC0_NTD0_NEPBS8_NLCA2_NLCB1_ONLL1_OPLV0_PK0_PAP0_PGR2_PLR5_PKA0_SIA3_SLW1_SS1_SU0_SUM0_SUS0_SCIUI1_SPO0_SRVW0_SSO6_SVW2_SNLL0_TSGRA0_TSGRB0_TT4_128_TLDS1_UMLDSA0_UMLDSB1_U64SL1_USFGROn1_VAW1_VSn1_VW2_VWB1_VFLRP0_WSGRA0_WSGRB0_WS64_WG64_4_1_WGM18",107,11008057961819,11008057985433,34816,0,128,384,64,256,1,1,256,1,1
"KERNEL_DISPATCH","Agent 1",1,0,9379,108,686,"Cijk_Ailk_Bljk_HSS_BH_MT256x256x32_MI32x32x8x1_SN_1LDSB1_APM1_ABV0_ACED0_AF0EM1_AF1EM1_AMAS3_ASE_ASGT_ASLT_ASM_ASAE01_ASCE01_ASEM1_AAC0_BL1_BS1_CLR0_DTLA0_DTLB0_DTVA0_DTVB0_DVO0_ETSP_EPS1_ELFLR0_EMLL0_FSSC10_FL0_GLVWA8_GLVWB8_GRCGA1_GRCGB1_GRPM1_GRVW8_GSU1_GSUASB_GLS0_ISA942_IU1_K1_KLA_LBSPPA0_LBSPPB128_LPA0_LPB8_LDL1_LRVW8_LWPMn1_LDW0_FMA_MIAV0_MDA2_MO40_MMFSC_MKFGSU256_NTA0_NTB0_NTC0_NTD0_NEPBS8_NLCA2_NLCB1_ONLL1_OPLV0_PK0_PAP0_PGR2_PLR5_PKA0_SIA3_SLW1_SS1_SU0_SUM0_SUS0_SCIUI1_SPO0_SRVW0_SSO6_SVW2_SNLL0_TSGRA0_TSGRB0_TT4_128_TLDS1_UMLDSA0_UMLDSB1_U64SL1_USFGROn1_VAW1_VSn1_VW2_VWB1_VFLRP0_WSGRA0_WSGRB0_WS64_WG64_4_1_WGM18",108,11008057985294,11008058008747,34816,0,128,384,64,256,1,1,256,1,1
"KERNEL_DISPATCH","Agent 1",1,0,9379,109,686,"Cijk_Ailk_Bljk_HSS_BH_MT256x256x32_MI32x32x8x1_SN_1LDSB1_APM1_ABV0_ACED0_AF0EM1_AF1EM1_AMAS3_ASE_ASGT_ASLT_ASM_ASAE01_ASCE01_ASEM1_AAC0_BL1_BS1_CLR0_DTLA0_DTLB0_DTVA0_DTVB0_DVO0_ETSP_EPS1_ELFLR0_EMLL0_FSSC10_FL0_GLVWA8_GLVWB8_GRCGA1_GRCGB1_GRPM1_GRVW8_GSU1_GSUASB_GLS0_ISA942_IU1_K1_KLA_LBSPPA0_LBSPPB128_LPA0_LPB8_LDL1_LRVW8_LWPMn1_LDW0_FMA_MIAV0_MDA2_MO40_MMFSC_MKFGSU256_NTA0_NTB0_NTC0_NTD0_NEPBS8_NLCA2_NLCB1_ONLL1_OPLV0_PK0_PAP0_PGR2_PLR5_PKA0_SIA3_SLW1_SS1_SU0_SUM0_SUS0_SCIUI1_SPO0_SRVW0_SSO6_SVW2_SNLL0_TSGRA0_TSGRB0_TT4_128_TLDS1_UMLDSA0_UMLDSB1_U64SL1_USFGROn1_VAW1_VSn1_VW2_VWB1_VFLRP0_WSGRA0_WSGRB0_WS64_WG64_4_1_WGM18",109,11008058008835,11008058032328,34816,0,128,384,64,256,1,1,256,1,1
"KERNEL_DISPATCH","Agent 1",1,0,9379,110,686,"Cijk_Ailk_Bljk_HSS_BH_MT256x256x32_MI32x32x8x1_SN_1LDSB1_APM1_ABV0_ACED0_AF0EM1_AF1EM1_AMAS3_ASE_ASGT_ASLT_ASM_ASAE01_ASCE01_ASEM1_AAC0_BL1_BS1_CLR0_DTLA0_DTLB0_DTVA0_DTVB0_DVO0_ETSP_EPS1_ELFLR0_EMLL0_FSSC10_FL0_GLVWA8_GLVWB8_GRCGA1_GRCGB1_GRPM1_GRVW8_GSU1_GSUASB_GLS0_ISA942_IU1_K1_KLA_LBSPPA0_LBSPPB128_LPA0_LPB8_LDL1_LRVW8_LWPMn1_LDW0_FMA_MIAV0_MDA2_MO40_MMFSC_MKFGSU256_NTA0_NTB0_NTC0_NTD0_NEPBS8_NLCA2_NLCB1_ONLL1_OPLV0_PK0_PAP0_PGR2_PLR5_PKA0_SIA3_SLW1_SS1_SU0_SUM0_SUS0_SCIUI1_SPO0_SRVW0_SSO6_SVW2_SNLL0_TSGRA0_TSGRB0_TT4_128_TLDS1_UMLDSA0_UMLDSB1_U64SL1_USFGROn1_VAW1_VSn1_VW2_VWB1_VFLRP0_WSGRA0_WSGRB0_WS64_WG64_4_1_WGM18",110,11008058032209,11008058055502,34816,0,128,384,64,256,1,1,256,1,1
"KERNEL_DISPATCH","Agent 1",1,0,9379,111,11,"__amd_rocclr_fillBufferAligned",111,11008058589933,11008058594142,0,0,12,4,48,256,1,1,4096,1,1
"KERNEL_DISPATCH","Agent 1",1,0,9379,112,11,"__amd_rocclr_fillBufferAligned",112,11008058594141,11008058597669,0,0,12,4,48,256,1,1,4096,1,1
"KERNEL_DISPATCH","Agent 1",1,0,9379,113,7,"__amd_rocclr_copyBuffer",113,11008058602014,11008058604380,0,0,16,0,32,512,1,1,512,1,1
"KERNEL_DISPATCH","Agent 1",1,0,9379,114,16,"navatala_graph_spmv_weighted_f32",114,11008058624141,11008058628952,0,0,12,4,32,256,1,1,16384,1,1
"KERNEL_DISPATCH","Agent 1",1,0,9379,115,16,"navatala_graph_spmv_weighted_f32",115,11008058635617,11008058638624,0,0,12,4,32,256,1,1,16384,1,1
"KERNEL_DISPATCH","Agent 1",1,0,9379,116,16,"navatala_graph_spmv_weighted_f32",116,11008058656989,11008058661199,0,0,12,4,32,256,1,1,16384,1,1
"KERNEL_DISPATCH","Agent 1",1,0,9379,117,16,"navatala_graph_spmv_weighted_f32",117,11008058661034,11008058665845,0,0,12,4,32,256,1,1,16384,1,1
"KERNEL_DISPATCH","Agent 1",1,0,9379,118,16,"navatala_graph_spmv_weighted_f32",118,11008058665792,11008058669320,0,0,12,4,32,256,1,1,16384,1,1
"KERNEL_DISPATCH","Agent 1",1,0,9379,119,16,"navatala_graph_spmv_weighted_f32",119,11008058672479,11008058675406,0,0,12,4,32,256,1,1,16384,1,1
"KERNEL_DISPATCH","Agent 1",1,0,9379,120,16,"navatala_graph_spmv_weighted_f32",120,11008058678907,11008058681473,0,0,12,4,32,256,1,1,16384,1,1
"KERNEL_DISPATCH","Agent 1",1,0,9379,121,845,"void rocsparse::csrmvn_general_kernel<256u, 32u, int, int, float, float, float, float>(bool, int, rocsparse::const_host_device_scalar<float>, int const*, int const*, int const*, float const*, float const*, rocsparse::const_host_device_scalar<float>, float*, rocsparse_index_base_, bool)",121,11008106128369,11008106132458,0,0,12,4,48,256,1,1,524288,1,1
"KERNEL_DISPATCH","Agent 1",1,0,9379,122,845,"void rocsparse::csrmvn_general_kernel<256u, 32u, int, int, float, float, float, float>(bool, int, rocsparse::const_host_device_scalar<float>, int const*, int const*, int const*, float const*, float const*, rocsparse::const_host_device_scalar<float>, float*, rocsparse_index_base_, bool)",122,11008106148510,11008106153159,0,0,12,4,48,256,1,1,524288,1,1
"KERNEL_DISPATCH","Agent 1",1,0,9379,123,845,"void rocsparse::csrmvn_general_kernel<256u, 32u, int, int, float, float, float, float>(bool, int, rocsparse::const_host_device_scalar<float>, int const*, int const*, int const*, float const*, float const*, rocsparse::const_host_device_scalar<float>, float*, rocsparse_index_base_, bool)",123,11008106172501,11008106174987,0,0,12,4,48,256,1,1,524288,1,1
"KERNEL_DISPATCH","Agent 1",1,0,9379,124,845,"void rocsparse::csrmvn_general_kernel<256u, 32u, int, int, float, float, float, float>(bool, int, rocsparse::const_host_device_scalar<float>, int const*, int const*, int const*, float const*, float const*, rocsparse::const_host_device_scalar<float>, float*, rocsparse_index_base_, bool)",124,11008106178110,11008106180475,0,0,12,4,48,256,1,1,524288,1,1
"KERNEL_DISPATCH","Agent 1",1,0,9379,125,845,"void rocsparse::csrmvn_general_kernel<256u, 32u, int, int, float, float, float, float>(bool, int, rocsparse::const_host_device_scalar<float>, int const*, int const*, int const*, float const*, float const*, rocsparse::const_host_device_scalar<float>, float*, rocsparse_index_base_, bool)",125,11008106183555,11008106186001,0,0,12,4,48,256,1,1,524288,1,1
"KERNEL_DISPATCH","Agent 1",1,0,9379,126,845,"void rocsparse::csrmvn_general_kernel<256u, 32u, int, int, float, float, float, float>(bool, int, rocsparse::const_host_device_scalar<float>, int const*, int const*, int const*, float const*, float const*, rocsparse::const_host_device_scalar<float>, float*, rocsparse_index_base_, bool)",126,11008106189152,11008106193281,0,0,12,4,48,256,1,1,524288,1,1
"KERNEL_DISPATCH","Agent 1",1,0,9379,127,845,"void rocsparse::csrmvn_general_kernel<256u, 32u, int, int, float, float, float, float>(bool, int, rocsparse::const_host_device_scalar<float>, int const*, int const*, int const*, float const*, float const*, rocsparse::const_host_device_scalar<float>, float*, rocsparse_index_base_, bool)",127,11008106193313,11008106196921,0,0,12,4,48,256,1,1,524288,1,1
